depth_m,qc_MPa,fs_kPa,inclination_degree,s_wave_travel_time_ms,point_id,utm_x_m,utm_y_m,elevation_m,total_depth_m,water_depth_m,Rf_percent
0.4,1.3,14.0,0.0,,MYC004,612391,4085166,9.1,12.4,,1.0769230769230769
0.5,1.0,11.0,0.0,,MYC004,612391,4085166,9.1,12.4,,1.0999999999999999
0.6,1.5,17.0,0.0,,MYC004,612391,4085166,9.1,12.4,,1.1333333333333333
0.7,3.5,33.0,0.0,,MYC004,612391,4085166,9.1,12.4,,0.9428571428571428
0.8,4.7,47.0,0.0,,MYC004,612391,4085166,9.1,12.4,,1.0
0.9,3.4,39.0,0.0,,MYC004,612391,4085166,9.1,12.4,,1.1470588235294117
1.0,2.2,32.0,0.0,,MYC004,612391,4085166,9.1,12.4,,1.4545454545454546
1.1,2.1,31.0,0.0,,MYC004,612391,4085166,9.1,12.4,,1.4761904761904763
1.2,2.2,24.0,0.0,,MYC004,612391,4085166,9.1,12.4,,1.090909090909091
1.3,1.8,23.5,0.0,,MYC004,612391,4085166,9.1,12.4,,1.3055555555555556
1.4,1.9,25.2,0.0,,MYC004,612391,4085166,9.1,12.4,,1.3263157894736841
1.5,1.2,30.2,0.0,,MYC004,612391,4085166,9.1,12.4,,2.5166666666666666
1.6,1.0,37.6,0.0,,MYC004,612391,4085166,9.1,12.4,,3.7600000000000002
1.7,2.7,27.6,0.0,,MYC004,612391,4085166,9.1,12.4,,1.0222222222222224
1.8,2.0,25.5,0.0,,MYC004,612391,4085166,9.1,12.4,,1.275
1.9,1.8,25.5,0.0,,MYC004,612391,4085166,9.1,12.4,,1.4166666666666665
2.0,1.9,32.3,0.0,,MYC004,612391,4085166,9.1,12.4,,1.6999999999999997
2.1,1.5,16.8,0.0,,MYC004,612391,4085166,9.1,12.4,,1.1199999999999999
2.2,1.8,18.8,0.0,,MYC004,612391,4085166,9.1,12.4,,1.0444444444444445
2.3,1.8,18.8,0.0,,MYC004,612391,4085166,9.1,12.4,,1.0444444444444445
2.4,2.3,24.2,0.0,,MYC004,612391,4085166,9.1,12.4,,1.0521739130434782
2.5,2.6,29.6,0.0,,MYC004,612391,4085166,9.1,12.4,,1.1384615384615386
2.6,2.8,32.3,0.0,,MYC004,612391,4085166,9.1,12.4,,1.1535714285714285
2.7,3.0,28.9,0.0,,MYC004,612391,4085166,9.1,12.4,,0.9633333333333333
2.8,3.7,38.6,0.0,,MYC004,612391,4085166,9.1,12.4,,1.0432432432432432
2.9,4.4,46.0,0.0,,MYC004,612391,4085166,9.1,12.4,,1.0454545454545454
3.0,3.5,42.3,0.0,,MYC004,612391,4085166,9.1,12.4,,1.2085714285714284
3.1,2.7,29.6,0.0,,MYC004,612391,4085166,9.1,12.4,,1.0962962962962963
3.2,2.7,25.5,0.0,,MYC004,612391,4085166,9.1,12.4,,0.9444444444444444
3.3,2.3,20.8,0.0,,MYC004,612391,4085166,9.1,12.4,,0.9043478260869566
3.4,2.1,23.5,0.0,,MYC004,612391,4085166,9.1,12.4,,1.119047619047619
3.5,2.4,26.2,0.0,,MYC004,612391,4085166,9.1,12.4,,1.0916666666666666
3.6,2.8,28.9,0.0,,MYC004,612391,4085166,9.1,12.4,,1.0321428571428573
3.7,2.7,29.6,0.0,,MYC004,612391,4085166,9.1,12.4,,1.0962962962962963
3.8,2.2,28.2,0.0,,MYC004,612391,4085166,9.1,12.4,,1.2818181818181817
3.9,1.8,22.2,0.0,,MYC004,612391,4085166,9.1,12.4,,1.2333333333333334
4.0,2.3,29.2,0.0,,MYC004,612391,4085166,9.1,12.4,,1.2695652173913043
4.1,6.0,50.1,0.0,,MYC004,612391,4085166,9.1,12.4,,0.835
4.2,7.6,70.9,0.0,,MYC004,612391,4085166,9.1,12.4,,0.9328947368421053
4.3,5.2,43.0,0.0,,MYC004,612391,4085166,9.1,12.4,,0.826923076923077
4.4,4.5,31.6,0.0,,MYC004,612391,4085166,9.1,12.4,,0.7022222222222222
4.5,4.9,40.0,0.0,,MYC004,612391,4085166,9.1,12.4,,0.8163265306122449
4.6,4.5,32.9,0.0,,MYC004,612391,4085166,9.1,12.4,,0.7311111111111112
4.7,5.4,37.0,0.0,,MYC004,612391,4085166,9.1,12.4,,0.6851851851851852
4.8,6.1,42.0,0.0,,MYC004,612391,4085166,9.1,12.4,,0.6885245901639345
4.9,7.4,52.1,0.0,,MYC004,612391,4085166,9.1,12.4,,0.7040540540540541
5.0,6.9,44.0,0.0,,MYC004,612391,4085166,9.1,12.4,,0.6376811594202898
5.1,7.1,46.0,0.0,,MYC004,612391,4085166,9.1,12.4,,0.647887323943662
5.2,6.4,44.7,0.0,,MYC004,612391,4085166,9.1,12.4,,0.6984375
5.3,3.9,20.8,0.0,,MYC004,612391,4085166,9.1,12.4,,0.5333333333333333
5.4,2.6,14.1,0.0,,MYC004,612391,4085166,9.1,12.4,,0.5423076923076923
5.5,3.1,16.1,0.0,,MYC004,612391,4085166,9.1,12.4,,0.5193548387096775
5.6,3.4,22.2,0.0,,MYC004,612391,4085166,9.1,12.4,,0.6529411764705882
5.7,3.4,22.2,0.0,,MYC004,612391,4085166,9.1,12.4,,0.6529411764705882
5.8,3.7,25.5,0.0,,MYC004,612391,4085166,9.1,12.4,,0.6891891891891891
5.9,3.6,26.2,0.0,,MYC004,612391,4085166,9.1,12.4,,0.7277777777777777
6.0,4.3,20.8,0.0,,MYC004,612391,4085166,9.1,12.4,,0.48372093023255813
6.1,5.3,36.6,0.0,,MYC004,612391,4085166,9.1,12.4,,0.6905660377358491
6.2,4.9,32.6,0.0,,MYC004,612391,4085166,9.1,12.4,,0.6653061224489797
6.3,4.3,26.2,0.0,,MYC004,612391,4085166,9.1,12.4,,0.6093023255813954
6.4,4.2,24.2,0.0,,MYC004,612391,4085166,9.1,12.4,,0.5761904761904761
6.5,4.5,29.9,0.0,,MYC004,612391,4085166,9.1,12.4,,0.6644444444444444
6.6,5.1,34.3,0.0,,MYC004,612391,4085166,9.1,12.4,,0.6725490196078431
6.7,5.8,40.3,0.0,,MYC004,612391,4085166,9.1,12.4,,0.6948275862068966
6.8,5.7,45.0,0.0,,MYC004,612391,4085166,9.1,12.4,,0.7894736842105263
6.9,5.8,42.7,0.0,,MYC004,612391,4085166,9.1,12.4,,0.7362068965517242
7.0,5.8,37.3,0.0,,MYC004,612391,4085166,9.1,12.4,,0.643103448275862
7.1,6.0,39.7,0.0,,MYC004,612391,4085166,9.1,12.4,,0.6616666666666667
7.2,5.8,40.0,0.0,,MYC004,612391,4085166,9.1,12.4,,0.6896551724137931
7.3,5.8,33.6,0.0,,MYC004,612391,4085166,9.1,12.4,,0.5793103448275863
7.4,6.5,44.4,0.0,,MYC004,612391,4085166,9.1,12.4,,0.683076923076923
7.5,7.4,50.7,0.0,,MYC004,612391,4085166,9.1,12.4,,0.6851351351351352
7.6,8.0,60.5,0.0,,MYC004,612391,4085166,9.1,12.4,,0.75625
7.7,6.3,41.3,0.0,,MYC004,612391,4085166,9.1,12.4,,0.6555555555555554
7.8,4.6,14.8,0.0,,MYC004,612391,4085166,9.1,12.4,,0.32173913043478264
7.9,3.8,13.4,0.0,,MYC004,612391,4085166,9.1,12.4,,0.3526315789473684
8.0,3.2,31.9,0.0,,MYC004,612391,4085166,9.1,12.4,,0.9968750000000001
8.1,6.1,32.6,0.0,,MYC004,612391,4085166,9.1,12.4,,0.5344262295081967
8.2,7.1,34.6,0.0,,MYC004,612391,4085166,9.1,12.4,,0.48732394366197185
8.3,7.1,30.2,0.0,,MYC004,612391,4085166,9.1,12.4,,0.4253521126760563
8.4,7.1,41.0,0.0,,MYC004,612391,4085166,9.1,12.4,,0.5774647887323944
8.5,6.3,40.0,0.0,,MYC004,612391,4085166,9.1,12.4,,0.6349206349206349
8.6,4.0,26.2,0.0,,MYC004,612391,4085166,9.1,12.4,,0.6549999999999999
8.7,2.5,35.3,0.0,,MYC004,612391,4085166,9.1,12.4,,1.412
8.8,2.8,22.5,0.0,,MYC004,612391,4085166,9.1,12.4,,0.8035714285714285
8.9,3.3,50.4,0.0,,MYC004,612391,4085166,9.1,12.4,,1.5272727272727273
9.0,8.2,75.6,0.0,,MYC004,612391,4085166,9.1,12.4,,0.921951219512195
9.1,10.6,82.3,0.0,,MYC004,612391,4085166,9.1,12.4,,0.7764150943396225
9.2,10.6,66.9,0.0,,MYC004,612391,4085166,9.1,12.4,,0.6311320754716983
9.3,11.2,63.5,0.0,,MYC004,612391,4085166,9.1,12.4,,0.5669642857142857
9.4,10.9,82.0,0.0,,MYC004,612391,4085166,9.1,12.4,,0.7522935779816514
9.5,9.9,71.9,0.0,,MYC004,612391,4085166,9.1,12.4,,0.7262626262626263
9.6,9.3,57.8,0.0,,MYC004,612391,4085166,9.1,12.4,,0.621505376344086
9.7,7.8,56.1,0.0,,MYC004,612391,4085166,9.1,12.4,,0.7192307692307692
9.8,8.7,26.2,0.0,,MYC004,612391,4085166,9.1,12.4,,0.30114942528735633
9.9,8.3,61.5,0.0,,MYC004,612391,4085166,9.1,12.4,,0.7409638554216867
10.0,11.1,47.7,0.0,,MYC004,612391,4085166,9.1,12.4,,0.4297297297297297
10.1,10.5,67.2,0.0,,MYC004,612391,4085166,9.1,12.4,,0.64
10.2,10.6,41.0,0.0,,MYC004,612391,4085166,9.1,12.4,,0.38679245283018865
10.3,10.5,45.4,0.0,,MYC004,612391,4085166,9.1,12.4,,0.4323809523809524
10.4,9.0,71.2,0.0,,MYC004,612391,4085166,9.1,12.4,,0.7911111111111112
10.5,9.4,48.0,0.0,,MYC004,612391,4085166,9.1,12.4,,0.5106382978723404
10.6,10.4,68.5,0.0,,MYC004,612391,4085166,9.1,12.4,,0.6586538461538461
10.7,14.9,65.5,0.0,,MYC004,612391,4085166,9.1,12.4,,0.4395973154362416
10.8,15.3,106.8,0.0,,MYC004,612391,4085166,9.1,12.4,,0.6980392156862745
10.9,14.5,91.4,0.0,,MYC004,612391,4085166,9.1,12.4,,0.6303448275862069
11.0,17.0,80.3,0.0,,MYC004,612391,4085166,9.1,12.4,,0.47235294117647053
11.1,12.7,114.9,0.0,,MYC004,612391,4085166,9.1,12.4,,0.9047244094488189
11.2,16.4,53.1,0.0,,MYC004,612391,4085166,9.1,12.4,,0.32378048780487806
11.3,17.1,98.4,0.0,,MYC004,612391,4085166,9.1,12.4,,0.5754385964912281
11.4,16.0,101.1,0.0,,MYC004,612391,4085166,9.1,12.4,,0.631875
11.5,16.6,94.1,0.0,,MYC004,612391,4085166,9.1,12.4,,0.566867469879518
11.6,16.0,105.1,0.0,,MYC004,612391,4085166,9.1,12.4,,0.656875
11.7,15.6,105.1,0.0,,MYC004,612391,4085166,9.1,12.4,,0.6737179487179488
11.8,14.9,102.5,0.0,,MYC004,612391,4085166,9.1,12.4,,0.6879194630872484
11.9,15.0,101.1,0.0,,MYC004,612391,4085166,9.1,12.4,,0.6739999999999999
12.0,16.7,110.2,0.0,,MYC004,612391,4085166,9.1,12.4,,0.6598802395209581
12.1,16.6,118.9,0.0,,MYC004,612391,4085166,9.1,12.4,,0.7162650602409639
12.2,16.2,110.5,0.0,,MYC004,612391,4085166,9.1,12.4,,0.6820987654320988
0.4,1.2,3.4,0.0,,MYC005,612276,4085153,8.9,15.1,4.7,0.2833333333333333
0.5,1.0,5.0,0.0,,MYC005,612276,4085153,8.9,15.1,4.7,0.5
0.6,2.5,15.4,0.0,,MYC005,612276,4085153,8.9,15.1,4.7,0.6160000000000001
0.7,3.5,24.5,0.0,,MYC005,612276,4085153,8.9,15.1,4.7,0.7000000000000001
0.8,4.1,29.2,0.0,,MYC005,612276,4085153,8.9,15.1,4.7,0.7121951219512196
0.9,3.8,27.9,0.0,,MYC005,612276,4085153,8.9,15.1,4.7,0.7342105263157894
1.0,2.8,21.5,0.0,,MYC005,612276,4085153,8.9,15.1,4.7,0.7678571428571429
1.1,1.9,10.1,0.0,,MYC005,612276,4085153,8.9,15.1,4.7,0.531578947368421
1.2,1.6,8.1,0.0,,MYC005,612276,4085153,8.9,15.1,4.7,0.50625
1.3,1.4,4.7,0.0,,MYC005,612276,4085153,8.9,15.1,4.7,0.33571428571428574
1.4,1.8,10.7,0.0,,MYC005,612276,4085153,8.9,15.1,4.7,0.5944444444444444
1.5,2.4,14.4,0.0,,MYC005,612276,4085153,8.9,15.1,4.7,0.6
1.6,2.5,19.1,0.0,,MYC005,612276,4085153,8.9,15.1,4.7,0.7640000000000001
1.7,1.4,29.9,0.0,,MYC005,612276,4085153,8.9,15.1,4.7,2.1357142857142857
1.8,1.1,16.5,0.0,,MYC005,612276,4085153,8.9,15.1,4.7,1.5
1.9,1.7,10.1,0.0,,MYC005,612276,4085153,8.9,15.1,4.7,0.5941176470588235
2.0,1.5,19.1,0.0,,MYC005,612276,4085153,8.9,15.1,4.7,1.2733333333333334
2.1,1.4,41.6,0.0,,MYC005,612276,4085153,8.9,15.1,4.7,2.9714285714285715
2.2,4.3,38.3,0.0,,MYC005,612276,4085153,8.9,15.1,4.7,0.8906976744186047
2.3,7.3,58.4,0.0,,MYC005,612276,4085153,8.9,15.1,4.7,0.8
2.4,6.3,49.7,0.0,,MYC005,612276,4085153,8.9,15.1,4.7,0.788888888888889
2.5,5.5,42.0,0.0,,MYC005,612276,4085153,8.9,15.1,4.7,0.7636363636363637
2.6,5.8,44.3,0.0,,MYC005,612276,4085153,8.9,15.1,4.7,0.7637931034482759
2.7,6.8,43.6,0.0,,MYC005,612276,4085153,8.9,15.1,4.7,0.6411764705882352
2.8,6.7,51.0,0.0,,MYC005,612276,4085153,8.9,15.1,4.7,0.7611940298507462
2.9,9.4,64.4,0.0,,MYC005,612276,4085153,8.9,15.1,4.7,0.6851063829787235
3.0,10.5,80.9,0.0,,MYC005,612276,4085153,8.9,15.1,4.7,0.7704761904761905
3.1,10.8,86.6,0.0,,MYC005,612276,4085153,8.9,15.1,4.7,0.8018518518518518
3.2,10.5,71.2,0.0,,MYC005,612276,4085153,8.9,15.1,4.7,0.6780952380952382
3.3,12.4,81.9,0.0,,MYC005,612276,4085153,8.9,15.1,4.7,0.660483870967742
3.4,13.1,102.0,0.0,,MYC005,612276,4085153,8.9,15.1,4.7,0.7786259541984732
3.5,13.2,99.3,0.0,,MYC005,612276,4085153,8.9,15.1,4.7,0.7522727272727273
3.6,13.5,101.4,0.0,,MYC005,612276,4085153,8.9,15.1,4.7,0.7511111111111112
3.7,13.0,99.0,0.0,,MYC005,612276,4085153,8.9,15.1,4.7,0.7615384615384615
3.8,11.5,82.9,0.0,,MYC005,612276,4085153,8.9,15.1,4.7,0.7208695652173913
3.9,9.6,61.8,0.0,,MYC005,612276,4085153,8.9,15.1,4.7,0.6437499999999999
4.0,10.4,63.1,0.0,,MYC005,612276,4085153,8.9,15.1,4.7,0.6067307692307692
4.1,10.6,56.4,0.0,,MYC005,612276,4085153,8.9,15.1,4.7,0.5320754716981132
4.2,10.1,36.9,0.0,,MYC005,612276,4085153,8.9,15.1,4.7,0.36534653465346534
4.3,8.5,35.6,0.0,,MYC005,612276,4085153,8.9,15.1,4.7,0.4188235294117647
4.4,6.9,26.5,0.0,,MYC005,612276,4085153,8.9,15.1,4.7,0.38405797101449274
4.5,5.7,20.1,0.0,,MYC005,612276,4085153,8.9,15.1,4.7,0.3526315789473684
4.6,4.7,16.5,0.0,,MYC005,612276,4085153,8.9,15.1,4.7,0.35106382978723405
4.7,3.2,23.8,0.0,,MYC005,612276,4085153,8.9,15.1,4.7,0.74375
4.8,1.6,17.1,0.0,,MYC005,612276,4085153,8.9,15.1,4.7,1.06875
4.9,1.0,14.8,0.0,,MYC005,612276,4085153,8.9,15.1,4.7,1.48
5.0,1.4,29.5,0.0,,MYC005,612276,4085153,8.9,15.1,4.7,2.107142857142857
5.1,3.4,42.3,0.0,,MYC005,612276,4085153,8.9,15.1,4.7,1.2441176470588236
5.2,2.7,35.9,0.0,,MYC005,612276,4085153,8.9,15.1,4.7,1.3296296296296295
5.3,2.5,7.7,0.0,,MYC005,612276,4085153,8.9,15.1,4.7,0.30800000000000005
5.4,3.6,20.5,0.0,,MYC005,612276,4085153,8.9,15.1,4.7,0.5694444444444444
5.5,3.0,18.8,0.0,,MYC005,612276,4085153,8.9,15.1,4.7,0.6266666666666667
5.6,3.2,17.8,0.0,,MYC005,612276,4085153,8.9,15.1,4.7,0.55625
5.7,4.9,23.5,0.0,,MYC005,612276,4085153,8.9,15.1,4.7,0.4795918367346939
5.8,6.0,29.5,0.0,,MYC005,612276,4085153,8.9,15.1,4.7,0.49166666666666664
5.9,7.3,36.6,0.0,,MYC005,612276,4085153,8.9,15.1,4.7,0.5013698630136987
6.0,6.4,31.6,0.0,,MYC005,612276,4085153,8.9,15.1,4.7,0.49375
6.1,5.7,25.2,0.0,,MYC005,612276,4085153,8.9,15.1,4.7,0.4421052631578947
6.2,6.5,26.2,0.0,,MYC005,612276,4085153,8.9,15.1,4.7,0.4030769230769231
6.3,7.6,32.9,0.0,,MYC005,612276,4085153,8.9,15.1,4.7,0.4328947368421053
6.4,7.4,30.9,0.0,,MYC005,612276,4085153,8.9,15.1,4.7,0.4175675675675675
6.5,7.2,33.6,0.0,,MYC005,612276,4085153,8.9,15.1,4.7,0.46666666666666673
6.6,6.8,27.5,0.0,,MYC005,612276,4085153,8.9,15.1,4.7,0.4044117647058824
6.7,6.5,33.2,0.0,,MYC005,612276,4085153,8.9,15.1,4.7,0.5107692307692308
6.8,8.8,48.3,0.0,,MYC005,612276,4085153,8.9,15.1,4.7,0.5488636363636363
6.9,8.9,56.4,0.0,,MYC005,612276,4085153,8.9,15.1,4.7,0.6337078651685394
7.0,8.4,47.0,0.0,,MYC005,612276,4085153,8.9,15.1,4.7,0.5595238095238095
7.1,9.1,48.0,0.0,,MYC005,612276,4085153,8.9,15.1,4.7,0.5274725274725275
7.2,9.3,43.0,0.0,,MYC005,612276,4085153,8.9,15.1,4.7,0.46236559139784944
7.3,8.7,37.6,0.0,,MYC005,612276,4085153,8.9,15.1,4.7,0.432183908045977
7.4,8.2,37.3,0.0,,MYC005,612276,4085153,8.9,15.1,4.7,0.45487804878048776
7.5,6.3,29.2,0.0,,MYC005,612276,4085153,8.9,15.1,4.7,0.4634920634920635
7.6,6.7,30.5,0.0,,MYC005,612276,4085153,8.9,15.1,4.7,0.4552238805970149
7.7,7.3,35.6,0.0,,MYC005,612276,4085153,8.9,15.1,4.7,0.4876712328767124
7.8,7.1,35.9,0.0,,MYC005,612276,4085153,8.9,15.1,4.7,0.5056338028169014
7.9,7.7,39.6,0.0,,MYC005,612276,4085153,8.9,15.1,4.7,0.5142857142857143
8.0,7.4,43.6,0.0,,MYC005,612276,4085153,8.9,15.1,4.7,0.5891891891891892
8.1,7.0,40.9,0.0,,MYC005,612276,4085153,8.9,15.1,4.7,0.5842857142857143
8.2,8.1,32.2,0.0,,MYC005,612276,4085153,8.9,15.1,4.7,0.3975308641975309
8.3,8.3,41.6,0.0,,MYC005,612276,4085153,8.9,15.1,4.7,0.5012048192771085
8.4,5.9,44.3,0.0,,MYC005,612276,4085153,8.9,15.1,4.7,0.7508474576271187
8.5,3.1,38.3,0.0,,MYC005,612276,4085153,8.9,15.1,4.7,1.2354838709677418
8.6,2.0,15.1,0.0,,MYC005,612276,4085153,8.9,15.1,4.7,0.7549999999999999
8.7,1.9,6.0,0.0,,MYC005,612276,4085153,8.9,15.1,4.7,0.3157894736842105
8.8,1.9,13.4,0.0,,MYC005,612276,4085153,8.9,15.1,4.7,0.7052631578947368
8.9,1.4,18.8,0.0,,MYC005,612276,4085153,8.9,15.1,4.7,1.342857142857143
9.0,0.7,6.4,0.0,,MYC005,612276,4085153,8.9,15.1,4.7,0.9142857142857144
9.1,1.0,1.7,0.0,,MYC005,612276,4085153,8.9,15.1,4.7,0.16999999999999998
9.2,1.7,11.4,0.0,,MYC005,612276,4085153,8.9,15.1,4.7,0.6705882352941177
9.3,3.5,15.4,0.0,,MYC005,612276,4085153,8.9,15.1,4.7,0.44
9.4,4.0,17.5,0.0,,MYC005,612276,4085153,8.9,15.1,4.7,0.43750000000000006
9.5,4.1,15.1,0.0,,MYC005,612276,4085153,8.9,15.1,4.7,0.36829268292682926
9.6,2.9,34.9,0.0,,MYC005,612276,4085153,8.9,15.1,4.7,1.203448275862069
9.7,0.9,12.4,0.0,,MYC005,612276,4085153,8.9,15.1,4.7,1.3777777777777778
9.8,0.5,22.8,0.0,,MYC005,612276,4085153,8.9,15.1,4.7,4.5600000000000005
9.9,1.0,15.8,0.0,,MYC005,612276,4085153,8.9,15.1,4.7,1.58
10.0,0.6,10.1,0.0,,MYC005,612276,4085153,8.9,15.1,4.7,1.6833333333333331
10.1,7.2,19.8,0.0,,MYC005,612276,4085153,8.9,15.1,4.7,0.275
10.2,8.9,24.5,0.0,,MYC005,612276,4085153,8.9,15.1,4.7,0.2752808988764045
10.3,8.9,32.6,0.0,,MYC005,612276,4085153,8.9,15.1,4.7,0.36629213483146067
10.4,8.3,30.5,0.0,,MYC005,612276,4085153,8.9,15.1,4.7,0.3674698795180723
10.5,10.4,38.3,0.0,,MYC005,612276,4085153,8.9,15.1,4.7,0.36826923076923074
10.6,11.3,32.9,0.0,,MYC005,612276,4085153,8.9,15.1,4.7,0.2911504424778761
10.7,12.3,37.6,0.0,,MYC005,612276,4085153,8.9,15.1,4.7,0.30569105691056914
10.8,10.3,32.9,0.0,,MYC005,612276,4085153,8.9,15.1,4.7,0.3194174757281553
10.9,6.6,15.8,0.0,,MYC005,612276,4085153,8.9,15.1,4.7,0.2393939393939394
11.0,4.9,6.7,0.0,,MYC005,612276,4085153,8.9,15.1,4.7,0.13673469387755102
11.1,4.6,8.1,0.0,,MYC005,612276,4085153,8.9,15.1,4.7,0.17608695652173914
11.2,4.3,16.1,0.0,,MYC005,612276,4085153,8.9,15.1,4.7,0.37441860465116283
11.3,4.4,19.1,0.0,,MYC005,612276,4085153,8.9,15.1,4.7,0.43409090909090914
11.4,4.5,19.5,0.0,,MYC005,612276,4085153,8.9,15.1,4.7,0.4333333333333333
11.5,3.5,4.7,0.0,,MYC005,612276,4085153,8.9,15.1,4.7,0.13428571428571429
11.6,2.9,3.4,0.0,,MYC005,612276,4085153,8.9,15.1,4.7,0.11724137931034484
11.7,3.7,17.5,0.0,,MYC005,612276,4085153,8.9,15.1,4.7,0.472972972972973
11.8,2.5,39.6,0.0,,MYC005,612276,4085153,8.9,15.1,4.7,1.584
11.9,1.2,50.3,0.0,,MYC005,612276,4085153,8.9,15.1,4.7,4.191666666666666
12.0,1.1,38.9,0.0,,MYC005,612276,4085153,8.9,15.1,4.7,3.536363636363636
12.1,0.9,30.2,0.0,,MYC005,612276,4085153,8.9,15.1,4.7,3.355555555555555
12.2,1.0,39.6,0.0,,MYC005,612276,4085153,8.9,15.1,4.7,3.9600000000000004
12.3,1.0,35.9,0.0,,MYC005,612276,4085153,8.9,15.1,4.7,3.5900000000000003
12.4,1.1,43.0,0.0,,MYC005,612276,4085153,8.9,15.1,4.7,3.909090909090909
12.5,1.0,54.4,0.0,,MYC005,612276,4085153,8.9,15.1,4.7,5.4399999999999995
12.6,1.6,59.7,0.0,,MYC005,612276,4085153,8.9,15.1,4.7,3.7312499999999997
12.7,4.4,57.7,0.0,,MYC005,612276,4085153,8.9,15.1,4.7,1.3113636363636363
12.8,5.6,59.1,0.0,,MYC005,612276,4085153,8.9,15.1,4.7,1.0553571428571429
12.9,9.1,53.7,0.0,,MYC005,612276,4085153,8.9,15.1,4.7,0.5901098901098901
13.0,10.5,62.1,0.0,,MYC005,612276,4085153,8.9,15.1,4.7,0.5914285714285715
13.1,10.5,59.7,0.0,,MYC005,612276,4085153,8.9,15.1,4.7,0.5685714285714286
13.2,10.4,63.8,0.0,,MYC005,612276,4085153,8.9,15.1,4.7,0.6134615384615384
13.3,13.7,50.3,0.0,,MYC005,612276,4085153,8.9,15.1,4.7,0.36715328467153285
13.4,15.1,44.0,0.0,,MYC005,612276,4085153,8.9,15.1,4.7,0.2913907284768212
13.5,14.3,89.9,0.0,,MYC005,612276,4085153,8.9,15.1,4.7,0.6286713286713287
13.6,11.4,97.3,0.0,,MYC005,612276,4085153,8.9,15.1,4.7,0.8535087719298247
13.7,14.4,67.8,0.0,,MYC005,612276,4085153,8.9,15.1,4.7,0.4708333333333333
13.8,14.2,78.5,0.0,,MYC005,612276,4085153,8.9,15.1,4.7,0.5528169014084507
13.9,10.6,39.6,0.0,,MYC005,612276,4085153,8.9,15.1,4.7,0.3735849056603774
14.0,9.9,11.1,0.0,,MYC005,612276,4085153,8.9,15.1,4.7,0.11212121212121212
14.1,11.1,16.8,0.0,,MYC005,612276,4085153,8.9,15.1,4.7,0.15135135135135136
14.2,9.9,28.9,0.0,,MYC005,612276,4085153,8.9,15.1,4.7,0.2919191919191919
14.3,9.2,66.4,0.0,,MYC005,612276,4085153,8.9,15.1,4.7,0.7217391304347827
14.4,10.1,59.1,0.0,,MYC005,612276,4085153,8.9,15.1,4.7,0.5851485148514851
14.5,9.9,78.5,0.0,,MYC005,612276,4085153,8.9,15.1,4.7,0.792929292929293
14.6,15.6,68.5,0.0,,MYC005,612276,4085153,8.9,15.1,4.7,0.4391025641025641
14.7,20.2,78.2,0.0,,MYC005,612276,4085153,8.9,15.1,4.7,0.38712871287128714
14.8,21.2,115.1,0.0,,MYC005,612276,4085153,8.9,15.1,4.7,0.5429245283018868
14.9,18.4,92.6,0.0,,MYC005,612276,4085153,8.9,15.1,4.7,0.5032608695652174
15.0,18.9,65.8,0.0,,MYC005,612276,4085153,8.9,15.1,4.7,0.3481481481481481
0.1,10.5,94.3,0.0,,MYC006,612090,4085131,8.9,19.0,,0.8980952380952381
0.2,8.0,99.7,0.0,,MYC006,612090,4085131,8.9,19.0,,1.2462499999999999
0.3,8.1,170.5,0.0,,MYC006,612090,4085131,8.9,19.0,,2.1049382716049383
0.4,5.5,104.4,0.0,,MYC006,612090,4085131,8.9,19.0,,1.8981818181818184
0.5,2.7,22.5,0.0,,MYC006,612090,4085131,8.9,19.0,,0.8333333333333334
0.6,2.7,19.1,0.0,,MYC006,612090,4085131,8.9,19.0,,0.7074074074074075
0.7,4.7,53.0,0.0,,MYC006,612090,4085131,8.9,19.0,,1.127659574468085
0.8,5.0,47.7,0.0,,MYC006,612090,4085131,8.9,19.0,,0.954
0.9,3.3,30.2,0.0,,MYC006,612090,4085131,8.9,19.0,,0.9151515151515152
1.0,2.2,12.8,0.0,,MYC006,612090,4085131,8.9,19.0,,0.5818181818181819
1.1,1.4,9.7,0.0,,MYC006,612090,4085131,8.9,19.0,,0.6928571428571428
1.2,1.0,0.3,0.0,,MYC006,612090,4085131,8.9,19.0,,0.03
1.3,1.4,5.7,0.0,,MYC006,612090,4085131,8.9,19.0,,0.40714285714285714
1.4,1.6,11.4,0.0,,MYC006,612090,4085131,8.9,19.0,,0.7125
1.5,0.9,6.7,0.0,,MYC006,612090,4085131,8.9,19.0,,0.7444444444444445
1.8,0.5,9.4,0.0,,MYC006,612090,4085131,8.9,19.0,,1.8800000000000001
1.9,1.0,8.1,0.0,,MYC006,612090,4085131,8.9,19.0,,0.8099999999999999
2.0,0.9,2.0,0.0,,MYC006,612090,4085131,8.9,19.0,,0.2222222222222222
2.1,1.0,4.4,0.0,,MYC006,612090,4085131,8.9,19.0,,0.44
2.2,1.6,1.0,0.0,,MYC006,612090,4085131,8.9,19.0,,0.0625
2.3,3.6,25.5,0.0,,MYC006,612090,4085131,8.9,19.0,,0.7083333333333333
2.4,4.3,42.0,0.0,,MYC006,612090,4085131,8.9,19.0,,0.9767441860465116
2.5,4.5,47.7,0.0,,MYC006,612090,4085131,8.9,19.0,,1.06
2.6,4.5,37.9,0.0,,MYC006,612090,4085131,8.9,19.0,,0.8422222222222222
2.7,3.9,26.9,0.0,,MYC006,612090,4085131,8.9,19.0,,0.6897435897435897
2.8,3.9,22.2,0.0,,MYC006,612090,4085131,8.9,19.0,,0.5692307692307692
2.9,7.3,45.7,0.0,,MYC006,612090,4085131,8.9,19.0,,0.626027397260274
3.0,6.7,46.7,0.0,,MYC006,612090,4085131,8.9,19.0,,0.6970149253731344
3.1,6.6,43.6,0.0,,MYC006,612090,4085131,8.9,19.0,,0.6606060606060606
3.2,7.7,40.6,0.0,,MYC006,612090,4085131,8.9,19.0,,0.5272727272727272
3.3,9.9,67.8,0.0,,MYC006,612090,4085131,8.9,19.0,,0.6848484848484848
3.4,11.7,84.6,0.0,,MYC006,612090,4085131,8.9,19.0,,0.723076923076923
3.5,12.7,91.3,0.0,,MYC006,612090,4085131,8.9,19.0,,0.7188976377952756
3.6,13.0,99.3,0.0,,MYC006,612090,4085131,8.9,19.0,,0.7638461538461538
3.7,12.9,96.0,0.0,,MYC006,612090,4085131,8.9,19.0,,0.7441860465116279
3.8,12.8,91.3,0.0,,MYC006,612090,4085131,8.9,19.0,,0.71328125
3.9,12.5,84.2,0.0,,MYC006,612090,4085131,8.9,19.0,,0.6736
4.0,12.0,71.2,0.0,,MYC006,612090,4085131,8.9,19.0,,0.5933333333333334
4.1,11.5,53.0,0.0,,MYC006,612090,4085131,8.9,19.0,,0.4608695652173913
4.2,10.5,41.3,0.0,,MYC006,612090,4085131,8.9,19.0,,0.3933333333333333
4.3,8.8,33.9,0.0,,MYC006,612090,4085131,8.9,19.0,,0.3852272727272727
4.4,7.1,21.5,0.0,,MYC006,612090,4085131,8.9,19.0,,0.30281690140845074
4.5,5.4,10.4,0.0,,MYC006,612090,4085131,8.9,19.0,,0.1925925925925926
4.6,4.1,1.3,0.0,,MYC006,612090,4085131,8.9,19.0,,0.03170731707317073
4.7,3.9,5.4,0.0,,MYC006,612090,4085131,8.9,19.0,,0.13846153846153847
4.8,4.3,7.4,0.0,,MYC006,612090,4085131,8.9,19.0,,0.17209302325581396
4.9,4.9,12.4,0.0,,MYC006,612090,4085131,8.9,19.0,,0.25306122448979596
5.0,3.6,76.5,0.0,,MYC006,612090,4085131,8.9,19.0,,2.125
5.1,1.6,65.4,0.0,,MYC006,612090,4085131,8.9,19.0,,4.0875
5.2,11.1,52.4,0.0,,MYC006,612090,4085131,8.9,19.0,,0.472072072072072
5.3,9.9,79.9,0.0,,MYC006,612090,4085131,8.9,19.0,,0.8070707070707072
5.4,6.0,39.6,0.0,,MYC006,612090,4085131,8.9,19.0,,0.66
5.5,4.4,16.8,0.0,,MYC006,612090,4085131,8.9,19.0,,0.38181818181818183
5.6,3.2,19.1,0.0,,MYC006,612090,4085131,8.9,19.0,,0.596875
5.7,4.2,14.4,0.0,,MYC006,612090,4085131,8.9,19.0,,0.34285714285714286
5.8,4.2,32.2,0.0,,MYC006,612090,4085131,8.9,19.0,,0.7666666666666667
5.9,4.6,15.8,0.0,,MYC006,612090,4085131,8.9,19.0,,0.34347826086956523
6.0,4.1,31.2,0.0,,MYC006,612090,4085131,8.9,19.0,,0.7609756097560976
6.1,3.7,24.8,0.0,,MYC006,612090,4085131,8.9,19.0,,0.6702702702702703
6.2,4.0,26.9,0.0,,MYC006,612090,4085131,8.9,19.0,,0.6725
6.3,4.4,24.2,0.0,,MYC006,612090,4085131,8.9,19.0,,0.5499999999999999
6.4,4.0,17.5,0.0,,MYC006,612090,4085131,8.9,19.0,,0.43750000000000006
6.5,3.8,11.4,0.0,,MYC006,612090,4085131,8.9,19.0,,0.3
6.6,4.9,21.5,0.0,,MYC006,612090,4085131,8.9,19.0,,0.4387755102040816
6.7,5.5,20.1,0.0,,MYC006,612090,4085131,8.9,19.0,,0.3654545454545455
6.8,6.5,36.9,0.0,,MYC006,612090,4085131,8.9,19.0,,0.5676923076923077
6.9,7.1,40.3,0.0,,MYC006,612090,4085131,8.9,19.0,,0.5676056338028168
7.0,8.6,53.0,0.0,,MYC006,612090,4085131,8.9,19.0,,0.6162790697674418
7.1,8.2,41.6,0.0,,MYC006,612090,4085131,8.9,19.0,,0.5073170731707317
7.2,7.5,41.0,0.0,,MYC006,612090,4085131,8.9,19.0,,0.5466666666666666
7.3,6.3,32.9,0.0,,MYC006,612090,4085131,8.9,19.0,,0.5222222222222221
7.4,5.4,44.3,0.0,,MYC006,612090,4085131,8.9,19.0,,0.8203703703703703
7.5,4.5,51.0,0.0,,MYC006,612090,4085131,8.9,19.0,,1.1333333333333333
7.6,4.4,49.0,0.0,,MYC006,612090,4085131,8.9,19.0,,1.1136363636363638
7.7,6.2,21.5,0.0,,MYC006,612090,4085131,8.9,19.0,,0.34677419354838707
7.8,7.3,34.6,0.0,,MYC006,612090,4085131,8.9,19.0,,0.473972602739726
7.9,8.2,32.2,0.0,,MYC006,612090,4085131,8.9,19.0,,0.3926829268292683
8.0,10.0,36.9,0.0,,MYC006,612090,4085131,8.9,19.0,,0.369
8.1,10.6,40.6,0.0,,MYC006,612090,4085131,8.9,19.0,,0.38301886792452833
8.2,10.9,41.6,0.0,,MYC006,612090,4085131,8.9,19.0,,0.381651376146789
8.3,8.2,36.9,0.0,,MYC006,612090,4085131,8.9,19.0,,0.44999999999999996
8.4,7.8,27.5,0.0,,MYC006,612090,4085131,8.9,19.0,,0.3525641025641026
8.5,8.2,31.9,0.0,,MYC006,612090,4085131,8.9,19.0,,0.38902439024390245
8.6,8.4,35.6,0.0,,MYC006,612090,4085131,8.9,19.0,,0.4238095238095238
8.7,9.4,36.9,0.0,,MYC006,612090,4085131,8.9,19.0,,0.3925531914893617
8.8,11.1,39.9,0.0,,MYC006,612090,4085131,8.9,19.0,,0.35945945945945945
8.9,10.7,41.6,0.0,,MYC006,612090,4085131,8.9,19.0,,0.388785046728972
9.0,8.2,61.8,0.0,,MYC006,612090,4085131,8.9,19.0,,0.7536585365853659
9.1,5.5,59.7,0.0,,MYC006,612090,4085131,8.9,19.0,,1.0854545454545454
9.2,4.3,0.3,0.0,,MYC006,612090,4085131,8.9,19.0,,0.0069767441860465115
9.3,4.6,3.4,0.0,,MYC006,612090,4085131,8.9,19.0,,0.07391304347826086
9.4,4.9,12.1,0.0,,MYC006,612090,4085131,8.9,19.0,,0.24693877551020407
9.5,4.3,5.7,0.0,,MYC006,612090,4085131,8.9,19.0,,0.1325581395348837
9.6,4.9,8.4,0.0,,MYC006,612090,4085131,8.9,19.0,,0.17142857142857143
9.7,5.0,28.5,0.0,,MYC006,612090,4085131,8.9,19.0,,0.5700000000000001
9.8,2.9,53.7,0.0,,MYC006,612090,4085131,8.9,19.0,,1.8517241379310347
9.9,5.4,23.5,0.0,,MYC006,612090,4085131,8.9,19.0,,0.4351851851851852
10.0,5.9,14.8,0.0,,MYC006,612090,4085131,8.9,19.0,,0.2508474576271187
10.1,5.9,11.8,0.0,,MYC006,612090,4085131,8.9,19.0,,0.2
10.2,7.5,13.1,0.0,,MYC006,612090,4085131,8.9,19.0,,0.17466666666666666
10.3,7.6,11.1,0.0,,MYC006,612090,4085131,8.9,19.0,,0.14605263157894735
10.4,5.4,18.8,0.0,,MYC006,612090,4085131,8.9,19.0,,0.34814814814814815
10.5,6.2,10.7,0.0,,MYC006,612090,4085131,8.9,19.0,,0.17258064516129032
10.6,8.3,16.5,0.0,,MYC006,612090,4085131,8.9,19.0,,0.19879518072289157
10.7,7.4,22.8,0.0,,MYC006,612090,4085131,8.9,19.0,,0.3081081081081081
10.8,8.9,33.6,0.0,,MYC006,612090,4085131,8.9,19.0,,0.3775280898876405
10.9,8.5,36.9,0.0,,MYC006,612090,4085131,8.9,19.0,,0.43411764705882355
11.0,7.7,77.9,0.0,,MYC006,612090,4085131,8.9,19.0,,1.0116883116883117
11.1,7.6,68.1,0.0,,MYC006,612090,4085131,8.9,19.0,,0.8960526315789472
11.2,10.9,37.3,0.0,,MYC006,612090,4085131,8.9,19.0,,0.3422018348623853
11.3,9.7,44.3,0.0,,MYC006,612090,4085131,8.9,19.0,,0.45670103092783504
11.4,10.2,33.2,0.0,,MYC006,612090,4085131,8.9,19.0,,0.3254901960784314
11.5,9.4,36.6,0.0,,MYC006,612090,4085131,8.9,19.0,,0.3893617021276596
11.6,9.7,36.9,0.0,,MYC006,612090,4085131,8.9,19.0,,0.3804123711340206
11.7,9.8,38.9,0.0,,MYC006,612090,4085131,8.9,19.0,,0.396938775510204
11.8,10.8,45.0,0.0,,MYC006,612090,4085131,8.9,19.0,,0.4166666666666667
11.9,10.7,49.0,0.0,,MYC006,612090,4085131,8.9,19.0,,0.4579439252336449
12.0,11.0,42.3,0.0,,MYC006,612090,4085131,8.9,19.0,,0.3845454545454545
12.1,10.9,43.0,0.0,,MYC006,612090,4085131,8.9,19.0,,0.3944954128440367
12.2,10.3,33.6,0.0,,MYC006,612090,4085131,8.9,19.0,,0.3262135922330097
12.3,10.6,59.1,0.0,,MYC006,612090,4085131,8.9,19.0,,0.5575471698113208
12.4,8.4,22.8,0.0,,MYC006,612090,4085131,8.9,19.0,,0.2714285714285714
12.5,8.1,10.1,0.0,,MYC006,612090,4085131,8.9,19.0,,0.12469135802469136
12.6,5.2,8.1,0.0,,MYC006,612090,4085131,8.9,19.0,,0.15576923076923077
12.7,4.3,8.7,0.0,,MYC006,612090,4085131,8.9,19.0,,0.2023255813953488
12.8,4.5,59.4,0.0,,MYC006,612090,4085131,8.9,19.0,,1.32
12.9,3.4,52.4,0.0,,MYC006,612090,4085131,8.9,19.0,,1.5411764705882351
13.0,3.9,77.2,0.0,,MYC006,612090,4085131,8.9,19.0,,1.9794871794871796
13.1,5.5,35.6,0.0,,MYC006,612090,4085131,8.9,19.0,,0.6472727272727273
13.2,5.6,45.0,0.0,,MYC006,612090,4085131,8.9,19.0,,0.8035714285714285
13.3,4.8,39.3,0.0,,MYC006,612090,4085131,8.9,19.0,,0.8187499999999999
13.4,5.8,23.8,0.0,,MYC006,612090,4085131,8.9,19.0,,0.41034482758620694
13.5,5.1,28.9,0.0,,MYC006,612090,4085131,8.9,19.0,,0.5666666666666667
13.6,5.3,44.6,0.0,,MYC006,612090,4085131,8.9,19.0,,0.8415094339622642
13.7,6.5,17.5,0.0,,MYC006,612090,4085131,8.9,19.0,,0.2692307692307692
13.8,6.1,5.0,0.0,,MYC006,612090,4085131,8.9,19.0,,0.08196721311475409
13.9,7.1,4.4,0.0,,MYC006,612090,4085131,8.9,19.0,,0.061971830985915494
14.0,4.3,8.7,0.0,,MYC006,612090,4085131,8.9,19.0,,0.2023255813953488
14.1,3.4,6.4,0.0,,MYC006,612090,4085131,8.9,19.0,,0.18823529411764706
14.2,3.1,16.8,0.0,,MYC006,612090,4085131,8.9,19.0,,0.5419354838709678
14.3,2.9,16.5,0.0,,MYC006,612090,4085131,8.9,19.0,,0.5689655172413793
14.4,3.2,3.0,0.0,,MYC006,612090,4085131,8.9,19.0,,0.09375
14.5,2.5,21.5,0.0,,MYC006,612090,4085131,8.9,19.0,,0.86
14.6,2.2,50.7,0.0,,MYC006,612090,4085131,8.9,19.0,,2.3045454545454547
14.7,1.8,29.9,0.0,,MYC006,612090,4085131,8.9,19.0,,1.6611111111111112
14.8,0.8,36.2,0.0,,MYC006,612090,4085131,8.9,19.0,,4.525
14.9,0.9,52.4,0.0,,MYC006,612090,4085131,8.9,19.0,,5.822222222222222
15.0,1.4,88.6,0.0,,MYC006,612090,4085131,8.9,19.0,,6.328571428571427
15.1,1.0,59.4,0.0,,MYC006,612090,4085131,8.9,19.0,,5.94
15.2,0.9,40.9,0.0,,MYC006,612090,4085131,8.9,19.0,,4.544444444444444
15.3,0.9,25.8,0.0,,MYC006,612090,4085131,8.9,19.0,,2.8666666666666667
15.4,0.8,8.7,0.0,,MYC006,612090,4085131,8.9,19.0,,1.0875
15.5,1.1,32.6,0.0,,MYC006,612090,4085131,8.9,19.0,,2.963636363636364
15.6,0.9,38.6,0.0,,MYC006,612090,4085131,8.9,19.0,,4.28888888888889
15.7,1.8,59.1,0.0,,MYC006,612090,4085131,8.9,19.0,,3.283333333333333
15.8,2.0,52.4,0.0,,MYC006,612090,4085131,8.9,19.0,,2.6199999999999997
15.9,3.3,49.0,0.0,,MYC006,612090,4085131,8.9,19.0,,1.4848484848484849
16.0,13.3,92.6,0.0,,MYC006,612090,4085131,8.9,19.0,,0.6962406015037593
16.1,14.9,61.7,0.0,,MYC006,612090,4085131,8.9,19.0,,0.4140939597315436
16.2,13.3,90.9,0.0,,MYC006,612090,4085131,8.9,19.0,,0.6834586466165413
16.3,12.8,95.3,0.0,,MYC006,612090,4085131,8.9,19.0,,0.74453125
16.4,13.6,69.1,0.0,,MYC006,612090,4085131,8.9,19.0,,0.5080882352941176
16.5,9.9,53.7,0.0,,MYC006,612090,4085131,8.9,19.0,,0.5424242424242425
16.6,5.5,112.7,0.0,,MYC006,612090,4085131,8.9,19.0,,2.0490909090909093
16.7,5.5,119.5,0.0,,MYC006,612090,4085131,8.9,19.0,,2.172727272727273
16.8,7.0,67.8,0.0,,MYC006,612090,4085131,8.9,19.0,,0.9685714285714285
16.9,6.7,54.4,0.0,,MYC006,612090,4085131,8.9,19.0,,0.8119402985074627
17.0,6.2,106.7,0.0,,MYC006,612090,4085131,8.9,19.0,,1.7209677419354839
17.1,6.6,40.3,0.0,,MYC006,612090,4085131,8.9,19.0,,0.6106060606060605
17.2,4.1,94.6,0.0,,MYC006,612090,4085131,8.9,19.0,,2.3073170731707315
17.3,7.2,30.2,0.0,,MYC006,612090,4085131,8.9,19.0,,0.4194444444444444
17.4,7.5,96.0,0.0,,MYC006,612090,4085131,8.9,19.0,,1.28
17.5,4.4,88.6,0.0,,MYC006,612090,4085131,8.9,19.0,,2.0136363636363637
17.6,6.7,40.3,0.0,,MYC006,612090,4085131,8.9,19.0,,0.6014925373134328
17.7,6.3,123.1,0.0,,MYC006,612090,4085131,8.9,19.0,,1.9539682539682537
17.8,3.3,10.7,0.0,,MYC006,612090,4085131,8.9,19.0,,0.3242424242424242
17.9,1.5,38.3,0.0,,MYC006,612090,4085131,8.9,19.0,,2.5533333333333332
18.0,3.0,93.3,0.0,,MYC006,612090,4085131,8.9,19.0,,3.11
18.1,3.4,120.5,0.0,,MYC006,612090,4085131,8.9,19.0,,3.5441176470588234
18.2,4.5,145.3,0.0,,MYC006,612090,4085131,8.9,19.0,,3.2288888888888896
18.3,5.8,124.2,0.0,,MYC006,612090,4085131,8.9,19.0,,2.1413793103448273
18.4,10.3,143.6,0.0,,MYC006,612090,4085131,8.9,19.0,,1.3941747572815533
18.5,13.7,104.0,0.0,,MYC006,612090,4085131,8.9,19.0,,0.7591240875912408
18.6,8.9,167.1,0.0,,MYC006,612090,4085131,8.9,19.0,,1.8775280898876403
18.7,12.1,102.7,0.0,,MYC006,612090,4085131,8.9,19.0,,0.8487603305785124
18.8,5.9,193.9,0.0,,MYC006,612090,4085131,8.9,19.0,,3.2864406779661017
18.9,12.2,165.1,0.0,,MYC006,612090,4085131,8.9,19.0,,1.35327868852459
0.4,2.7,10.7,0.0,,MYC012,612263,4085072,9.0,12.4,4.6,0.39629629629629626
0.5,2.1,2.7,0.0,,MYC012,612263,4085072,9.0,12.4,4.6,0.1285714285714286
0.6,1.6,2.7,0.0,,MYC012,612263,4085072,9.0,12.4,4.6,0.16875
0.7,1.6,10.7,0.0,,MYC012,612263,4085072,9.0,12.4,4.6,0.66875
0.8,0.8,9.1,0.0,,MYC012,612263,4085072,9.0,12.4,4.6,1.1375
0.9,0.6,17.8,0.0,,MYC012,612263,4085072,9.0,12.4,4.6,2.966666666666667
1.0,0.6,20.1,0.0,,MYC012,612263,4085072,9.0,12.4,4.6,3.35
1.1,0.7,23.5,0.0,,MYC012,612263,4085072,9.0,12.4,4.6,3.357142857142857
1.2,0.5,18.5,0.0,,MYC012,612263,4085072,9.0,12.4,4.6,3.6999999999999997
1.3,0.5,15.4,0.0,,MYC012,612263,4085072,9.0,12.4,4.6,3.08
1.4,0.5,17.1,0.0,,MYC012,612263,4085072,9.0,12.4,4.6,3.42
1.5,0.7,13.8,0.0,,MYC012,612263,4085072,9.0,12.4,4.6,1.9714285714285715
1.6,0.4,10.7,0.0,,MYC012,612263,4085072,9.0,12.4,4.6,2.675
1.7,0.4,1.0,0.0,,MYC012,612263,4085072,9.0,12.4,4.6,0.25
1.8,0.6,18.8,0.0,,MYC012,612263,4085072,9.0,12.4,4.6,3.1333333333333333
1.9,0.9,45.0,0.0,,MYC012,612263,4085072,9.0,12.4,4.6,5.0
2.0,0.9,45.3,0.0,,MYC012,612263,4085072,9.0,12.4,4.6,5.033333333333332
2.1,0.9,37.3,0.0,,MYC012,612263,4085072,9.0,12.4,4.6,4.144444444444444
2.2,1.0,46.3,0.0,,MYC012,612263,4085072,9.0,12.4,4.6,4.629999999999999
2.3,1.3,68.5,0.0,,MYC012,612263,4085072,9.0,12.4,4.6,5.269230769230769
2.4,1.8,133.9,0.0,,MYC012,612263,4085072,9.0,12.4,4.6,7.438888888888889
2.5,1.9,127.2,0.0,,MYC012,612263,4085072,9.0,12.4,4.6,6.694736842105263
2.6,1.8,151.4,0.0,,MYC012,612263,4085072,9.0,12.4,4.6,8.411111111111111
2.7,1.3,102.4,0.0,,MYC012,612263,4085072,9.0,12.4,4.6,7.876923076923077
2.8,0.9,59.4,0.0,,MYC012,612263,4085072,9.0,12.4,4.6,6.6000000000000005
2.9,1.1,55.4,0.0,,MYC012,612263,4085072,9.0,12.4,4.6,5.036363636363636
3.0,1.3,87.9,0.0,,MYC012,612263,4085072,9.0,12.4,4.6,6.7615384615384615
3.1,1.3,71.8,0.0,,MYC012,612263,4085072,9.0,12.4,4.6,5.523076923076923
3.2,1.7,113.1,0.0,,MYC012,612263,4085072,9.0,12.4,4.6,6.652941176470588
3.3,1.9,120.5,0.0,,MYC012,612263,4085072,9.0,12.4,4.6,6.342105263157895
3.4,1.5,98.3,0.0,,MYC012,612263,4085072,9.0,12.4,4.6,6.553333333333333
3.5,1.3,94.0,0.0,,MYC012,612263,4085072,9.0,12.4,4.6,7.230769230769231
3.6,0.8,46.0,0.0,,MYC012,612263,4085072,9.0,12.4,4.6,5.75
3.7,0.5,8.1,0.0,,MYC012,612263,4085072,9.0,12.4,4.6,1.6199999999999999
4.0,0.5,0.0,0.0,,MYC012,612263,4085072,9.0,12.4,4.6,0.0
4.2,0.8,53.0,0.0,,MYC012,612263,4085072,9.0,12.4,4.6,6.625
4.3,1.0,39.6,0.0,,MYC012,612263,4085072,9.0,12.4,4.6,3.9600000000000004
4.4,1.0,37.9,0.0,,MYC012,612263,4085072,9.0,12.4,4.6,3.7899999999999996
4.5,1.4,29.5,0.0,,MYC012,612263,4085072,9.0,12.4,4.6,2.107142857142857
4.6,1.0,24.2,0.0,,MYC012,612263,4085072,9.0,12.4,4.6,2.42
4.7,0.8,19.1,0.0,,MYC012,612263,4085072,9.0,12.4,4.6,2.3875
4.8,0.8,35.9,0.0,,MYC012,612263,4085072,9.0,12.4,4.6,4.4875
4.9,1.6,39.9,0.0,,MYC012,612263,4085072,9.0,12.4,4.6,2.49375
5.0,1.1,34.2,0.0,,MYC012,612263,4085072,9.0,12.4,4.6,3.1090909090909093
5.1,0.7,13.4,0.0,,MYC012,612263,4085072,9.0,12.4,4.6,1.9142857142857141
5.2,0.8,26.5,0.0,,MYC012,612263,4085072,9.0,12.4,4.6,3.3125
5.3,0.6,4.7,0.0,,MYC012,612263,4085072,9.0,12.4,4.6,0.7833333333333333
5.4,0.6,3.7,0.0,,MYC012,612263,4085072,9.0,12.4,4.6,0.6166666666666667
5.5,0.9,32.9,0.0,,MYC012,612263,4085072,9.0,12.4,4.6,3.6555555555555554
5.6,1.0,40.3,0.0,,MYC012,612263,4085072,9.0,12.4,4.6,4.029999999999999
5.7,1.1,49.7,0.0,,MYC012,612263,4085072,9.0,12.4,4.6,4.5181818181818185
5.8,1.3,66.5,0.0,,MYC012,612263,4085072,9.0,12.4,4.6,5.115384615384615
5.9,1.1,62.8,0.0,,MYC012,612263,4085072,9.0,12.4,4.6,5.709090909090909
6.0,1.9,61.4,0.0,,MYC012,612263,4085072,9.0,12.4,4.6,3.231578947368421
6.1,2.5,56.4,0.0,,MYC012,612263,4085072,9.0,12.4,4.6,2.2560000000000002
6.2,1.8,41.3,0.0,,MYC012,612263,4085072,9.0,12.4,4.6,2.2944444444444443
6.3,1.1,30.2,0.0,,MYC012,612263,4085072,9.0,12.4,4.6,2.745454545454545
6.4,0.9,23.2,0.0,,MYC012,612263,4085072,9.0,12.4,4.6,2.577777777777778
6.5,0.8,12.8,0.0,,MYC012,612263,4085072,9.0,12.4,4.6,1.6
6.6,1.0,41.6,0.0,,MYC012,612263,4085072,9.0,12.4,4.6,4.16
6.7,1.3,20.8,0.0,,MYC012,612263,4085072,9.0,12.4,4.6,1.6
6.8,3.7,19.8,0.0,,MYC012,612263,4085072,9.0,12.4,4.6,0.5351351351351351
6.9,2.6,23.5,0.0,,MYC012,612263,4085072,9.0,12.4,4.6,0.9038461538461539
7.0,0.9,4.0,0.0,,MYC012,612263,4085072,9.0,12.4,4.6,0.4444444444444444
7.1,1.0,66.8,0.0,,MYC012,612263,4085072,9.0,12.4,4.6,6.68
7.2,1.0,11.4,0.0,,MYC012,612263,4085072,9.0,12.4,4.6,1.1400000000000001
7.3,0.9,14.8,0.0,,MYC012,612263,4085072,9.0,12.4,4.6,1.6444444444444446
7.4,1.3,46.3,0.0,,MYC012,612263,4085072,9.0,12.4,4.6,3.5615384615384613
7.5,1.1,34.9,0.0,,MYC012,612263,4085072,9.0,12.4,4.6,3.172727272727273
7.6,1.0,34.6,0.0,,MYC012,612263,4085072,9.0,12.4,4.6,3.46
7.7,0.9,41.6,0.0,,MYC012,612263,4085072,9.0,12.4,4.6,4.622222222222223
7.8,1.0,40.3,0.0,,MYC012,612263,4085072,9.0,12.4,4.6,4.029999999999999
7.9,1.3,58.4,0.0,,MYC012,612263,4085072,9.0,12.4,4.6,4.492307692307692
8.0,1.6,82.6,0.0,,MYC012,612263,4085072,9.0,12.4,4.6,5.1625
8.1,1.7,88.6,0.0,,MYC012,612263,4085072,9.0,12.4,4.6,5.211764705882352
8.2,1.2,51.7,0.0,,MYC012,612263,4085072,9.0,12.4,4.6,4.308333333333334
8.3,1.5,71.8,0.0,,MYC012,612263,4085072,9.0,12.4,4.6,4.786666666666666
8.4,1.4,80.6,0.0,,MYC012,612263,4085072,9.0,12.4,4.6,5.757142857142856
8.5,1.1,43.0,0.0,,MYC012,612263,4085072,9.0,12.4,4.6,3.909090909090909
8.6,1.1,27.5,0.0,,MYC012,612263,4085072,9.0,12.4,4.6,2.5
8.7,1.0,35.2,0.0,,MYC012,612263,4085072,9.0,12.4,4.6,3.52
8.8,0.9,26.2,0.0,,MYC012,612263,4085072,9.0,12.4,4.6,2.911111111111111
8.9,0.9,9.4,0.0,,MYC012,612263,4085072,9.0,12.4,4.6,1.0444444444444445
9.0,1.0,6.0,0.0,,MYC012,612263,4085072,9.0,12.4,4.6,0.6
9.1,1.1,32.9,0.0,,MYC012,612263,4085072,9.0,12.4,4.6,2.9909090909090907
9.2,1.2,21.5,0.0,,MYC012,612263,4085072,9.0,12.4,4.6,1.7916666666666667
9.3,1.2,14.1,0.0,,MYC012,612263,4085072,9.0,12.4,4.6,1.175
9.4,1.1,16.4,0.0,,MYC012,612263,4085072,9.0,12.4,4.6,1.4909090909090907
9.5,1.0,7.4,0.0,,MYC012,612263,4085072,9.0,12.4,4.6,0.74
9.6,0.8,9.4,0.0,,MYC012,612263,4085072,9.0,12.4,4.6,1.175
9.8,0.9,2.0,0.0,,MYC012,612263,4085072,9.0,12.4,4.6,0.2222222222222222
9.9,0.9,0.0,0.0,,MYC012,612263,4085072,9.0,12.4,4.6,0.0
10.0,0.9,20.1,0.0,,MYC012,612263,4085072,9.0,12.4,4.6,2.2333333333333334
10.1,2.8,26.2,0.0,,MYC012,612263,4085072,9.0,12.4,4.6,0.9357142857142857
10.2,1.3,27.5,0.0,,MYC012,612263,4085072,9.0,12.4,4.6,2.1153846153846154
10.3,0.9,9.4,0.0,,MYC012,612263,4085072,9.0,12.4,4.6,1.0444444444444445
10.4,0.9,3.0,0.0,,MYC012,612263,4085072,9.0,12.4,4.6,0.33333333333333337
10.5,0.9,4.7,0.0,,MYC012,612263,4085072,9.0,12.4,4.6,0.5222222222222223
10.6,2.1,39.6,0.0,,MYC012,612263,4085072,9.0,12.4,4.6,1.8857142857142857
10.7,1.6,42.0,0.0,,MYC012,612263,4085072,9.0,12.4,4.6,2.625
10.8,2.7,57.7,0.0,,MYC012,612263,4085072,9.0,12.4,4.6,2.1370370370370373
10.9,3.2,71.5,0.0,,MYC012,612263,4085072,9.0,12.4,4.6,2.234375
11.0,4.7,61.8,0.0,,MYC012,612263,4085072,9.0,12.4,4.6,1.3148936170212766
11.1,5.1,90.6,0.0,,MYC012,612263,4085072,9.0,12.4,4.6,1.776470588235294
11.2,4.2,100.4,0.0,,MYC012,612263,4085072,9.0,12.4,4.6,2.390476190476191
11.3,4.7,106.8,0.0,,MYC012,612263,4085072,9.0,12.4,4.6,2.272340425531915
11.4,6.2,102.7,0.0,,MYC012,612263,4085072,9.0,12.4,4.6,1.6564516129032258
11.5,4.3,80.6,0.0,,MYC012,612263,4085072,9.0,12.4,4.6,1.8744186046511628
11.6,3.6,120.9,0.0,,MYC012,612263,4085072,9.0,12.4,4.6,3.3583333333333334
11.7,4.8,145.0,0.0,,MYC012,612263,4085072,9.0,12.4,4.6,3.0208333333333335
11.8,5.5,151.1,0.0,,MYC012,612263,4085072,9.0,12.4,4.6,2.747272727272727
11.9,5.9,71.5,0.0,,MYC012,612263,4085072,9.0,12.4,4.6,1.211864406779661
12.0,4.0,133.3,0.0,,MYC012,612263,4085072,9.0,12.4,4.6,3.3325
12.1,4.2,125.6,0.0,,MYC012,612263,4085072,9.0,12.4,4.6,2.99047619047619
0.1,1.944,13.4,,,SZC027,612273,4085308,9.8,17.9,4.8,0.6893004115226338
0.2,2.58,20.44,,,SZC027,612273,4085308,9.8,17.9,4.8,0.7922480620155039
0.3,1.91,12.4,,,SZC027,612273,4085308,9.8,17.9,4.8,0.6492146596858639
0.4,1.541,26.47,,,SZC027,612273,4085308,9.8,17.9,4.8,1.717715768981181
0.5,1.307,33.17,,,SZC027,612273,4085308,9.8,17.9,4.8,2.5378729915837797
0.6,1.441,21.11,,,SZC027,612273,4085308,9.8,17.9,4.8,1.4649548924358085
0.7,2.111,24.8,,,SZC027,612273,4085308,9.8,17.9,4.8,1.1747986736144007
0.8,2.379,29.82,,,SZC027,612273,4085308,9.8,17.9,4.8,1.253467843631778
0.9,1.642,21.11,,,SZC027,612273,4085308,9.8,17.9,4.8,1.2856272838002436
1.0,0.972,18.09,,,SZC027,612273,4085308,9.8,17.9,4.8,1.861111111111111
1.1,0.804,17.42,,,SZC027,612273,4085308,9.8,17.9,4.8,2.166666666666667
1.2,0.804,14.07,,,SZC027,612273,4085308,9.8,17.9,4.8,1.7500000000000002
1.3,0.838,17.09,,,SZC027,612273,4085308,9.8,17.9,4.8,2.039379474940334
1.4,2.078,24.46,,,SZC027,612273,4085308,9.8,17.9,4.8,1.1770933589990376
1.5,3.183,29.82,,,SZC027,612273,4085308,9.8,17.9,4.8,0.936852026390198
1.6,2.614,38.54,,,SZC027,612273,4085308,9.8,17.9,4.8,1.4743687834736035
1.7,1.877,28.82,,,SZC027,612273,4085308,9.8,17.9,4.8,1.5354288758657433
1.8,1.742,29.15,,,SZC027,612273,4085308,9.8,17.9,4.8,1.6733639494833523
1.9,2.178,41.55,,,SZC027,612273,4085308,9.8,17.9,4.8,1.9077134986225894
2.0,2.111,38.54,,,SZC027,612273,4085308,9.8,17.9,4.8,1.8256750355281859
2.1,2.145,35.18,,,SZC027,612273,4085308,9.8,17.9,4.8,1.6400932400932402
2.2,2.178,32.84,,,SZC027,612273,4085308,9.8,17.9,4.8,1.5078053259871442
2.3,2.178,52.27,,,SZC027,612273,4085308,9.8,17.9,4.8,2.3999081726354454
2.4,1.944,44.9,,,SZC027,612273,4085308,9.8,17.9,4.8,2.309670781893004
2.5,1.944,24.8,,,SZC027,612273,4085308,9.8,17.9,4.8,1.2757201646090535
2.6,2.212,24.46,,,SZC027,612273,4085308,9.8,17.9,4.8,1.1057866184448464
2.7,2.513,26.81,,,SZC027,612273,4085308,9.8,17.9,4.8,1.0668523676880224
2.8,2.781,29.15,,,SZC027,612273,4085308,9.8,17.9,4.8,1.0481841064365336
2.9,3.049,32.17,,,SZC027,612273,4085308,9.8,17.9,4.8,1.0551000327976388
3.0,3.25,34.85,,,SZC027,612273,4085308,9.8,17.9,4.8,1.0723076923076924
3.1,3.317,30.83,,,SZC027,612273,4085308,9.8,17.9,4.8,0.929454326198372
3.2,2.178,19.1,,,SZC027,612273,4085308,9.8,17.9,4.8,0.8769513314967861
3.3,1.307,14.41,,,SZC027,612273,4085308,9.8,17.9,4.8,1.1025248661055853
3.4,1.072,28.15,,,SZC027,612273,4085308,9.8,17.9,4.8,2.6259328358208953
3.5,0.469,23.46,,,SZC027,612273,4085308,9.8,17.9,4.8,5.002132196162047
3.6,1.642,50.26,,,SZC027,612273,4085308,9.8,17.9,4.8,3.0609013398294764
3.7,0.771,27.81,,,SZC027,612273,4085308,9.8,17.9,4.8,3.6070038910505837
3.8,6.903,59.65,,,SZC027,612273,4085308,9.8,17.9,4.8,0.8641170505577285
3.9,8.41,67.69,,,SZC027,612273,4085308,9.8,17.9,4.8,0.8048751486325803
4.0,8.75,70.7,,,SZC027,612273,4085308,9.8,17.9,4.8,0.808
4.1,7.71,58.64,,,SZC027,612273,4085308,9.8,17.9,4.8,0.7605706874189364
4.2,9.18,55.63,,,SZC027,612273,4085308,9.8,17.9,4.8,0.6059912854030501
4.3,10.12,82.4,,,SZC027,612273,4085308,9.8,17.9,4.8,0.8142292490118578
4.4,9.35,91.1,,,SZC027,612273,4085308,9.8,17.9,4.8,0.974331550802139
4.5,8.14,73.7,,,SZC027,612273,4085308,9.8,17.9,4.8,0.9054054054054054
4.6,6.534,61.32,,,SZC027,612273,4085308,9.8,17.9,4.8,0.9384756657483929
4.7,3.921,36.19,,,SZC027,612273,4085308,9.8,17.9,4.8,0.9229788319306299
4.8,2.681,27.14,,,SZC027,612273,4085308,9.8,17.9,4.8,1.0123088399850801
4.9,3.518,28.48,,,SZC027,612273,4085308,9.8,17.9,4.8,0.8095508811824901
5.0,9.35,49.59,,,SZC027,612273,4085308,9.8,17.9,4.8,0.5303743315508023
5.1,10.96,52.94,,,SZC027,612273,4085308,9.8,17.9,4.8,0.48302919708029196
5.2,11.36,48.25,,,SZC027,612273,4085308,9.8,17.9,4.8,0.4247359154929578
5.3,11.29,52.94,,,SZC027,612273,4085308,9.8,17.9,4.8,0.4689105403011515
5.4,11.16,48.25,,,SZC027,612273,4085308,9.8,17.9,4.8,0.43234767025089604
5.5,11.23,42.89,,,SZC027,612273,4085308,9.8,17.9,4.8,0.3819234194122885
5.6,10.72,45.24,,,SZC027,612273,4085308,9.8,17.9,4.8,0.42201492537313434
5.7,10.49,39.21,,,SZC027,612273,4085308,9.8,17.9,4.8,0.37378455672068633
5.8,10.69,41.55,,,SZC027,612273,4085308,9.8,17.9,4.8,0.38868101028999064
5.9,10.42,40.88,,,SZC027,612273,4085308,9.8,17.9,4.8,0.39232245681381955
6.0,10.62,42.22,,,SZC027,612273,4085308,9.8,17.9,4.8,0.3975517890772128
6.1,10.76,46.24,,,SZC027,612273,4085308,9.8,17.9,4.8,0.42973977695167287
6.2,10.29,38.2,,,SZC027,612273,4085308,9.8,17.9,4.8,0.3712342079689019
6.3,9.72,34.85,,,SZC027,612273,4085308,9.8,17.9,4.8,0.3585390946502058
6.4,9.58,33.51,,,SZC027,612273,4085308,9.8,17.9,4.8,0.3497912317327766
6.5,9.89,35.85,,,SZC027,612273,4085308,9.8,17.9,4.8,0.36248736097067746
6.6,10.35,39.88,,,SZC027,612273,4085308,9.8,17.9,4.8,0.38531400966183577
6.7,10.49,42.89,,,SZC027,612273,4085308,9.8,17.9,4.8,0.4088655862726406
6.8,10.56,46.24,,,SZC027,612273,4085308,9.8,17.9,4.8,0.43787878787878787
6.9,10.12,42.22,,,SZC027,612273,4085308,9.8,17.9,4.8,0.4171936758893281
7.0,10.56,44.9,,,SZC027,612273,4085308,9.8,17.9,4.8,0.4251893939393939
7.1,11.29,53.95,,,SZC027,612273,4085308,9.8,17.9,4.8,0.4778565101860054
7.2,10.22,42.89,,,SZC027,612273,4085308,9.8,17.9,4.8,0.4196673189823875
7.3,9.18,41.22,,,SZC027,612273,4085308,9.8,17.9,4.8,0.44901960784313727
7.4,8.81,39.88,,,SZC027,612273,4085308,9.8,17.9,4.8,0.4526674233825199
7.5,8.81,38.2,,,SZC027,612273,4085308,9.8,17.9,4.8,0.43359818388195237
7.6,9.25,43.56,,,SZC027,612273,4085308,9.8,17.9,4.8,0.47091891891891896
7.7,8.41,39.54,,,SZC027,612273,4085308,9.8,17.9,4.8,0.47015457788347204
7.8,8.01,36.86,,,SZC027,612273,4085308,9.8,17.9,4.8,0.46017478152309615
7.9,8.48,39.54,,,SZC027,612273,4085308,9.8,17.9,4.8,0.4662735849056604
8.0,9.01,42.22,,,SZC027,612273,4085308,9.8,17.9,4.8,0.4685904550499445
8.1,9.89,46.24,,,SZC027,612273,4085308,9.8,17.9,4.8,0.4675429726996967
8.2,10.76,48.25,,,SZC027,612273,4085308,9.8,17.9,4.8,0.44842007434944237
8.3,11.86,56.3,,,SZC027,612273,4085308,9.8,17.9,4.8,0.47470489038785835
8.4,10.49,51.6,,,SZC027,612273,4085308,9.8,17.9,4.8,0.49189704480457586
8.5,8.11,32.17,,,SZC027,612273,4085308,9.8,17.9,4.8,0.3966707768187423
8.6,9.01,34.51,,,SZC027,612273,4085308,9.8,17.9,4.8,0.3830188679245283
8.7,12.57,48.25,,,SZC027,612273,4085308,9.8,17.9,4.8,0.3838504375497216
8.8,13.57,70.0,,,SZC027,612273,4085308,9.8,17.9,4.8,0.5158437730287398
8.9,13.5,67.02,,,SZC027,612273,4085308,9.8,17.9,4.8,0.4964444444444444
9.0,13.91,65.01,,,SZC027,612273,4085308,9.8,17.9,4.8,0.46736161035226453
9.1,14.24,78.7,,,SZC027,612273,4085308,9.8,17.9,4.8,0.5526685393258427
9.2,14.04,63.67,,,SZC027,612273,4085308,9.8,17.9,4.8,0.4534900284900285
9.3,12.26,71.0,,,SZC027,612273,4085308,9.8,17.9,4.8,0.5791190864600326
9.4,13.27,37.53,,,SZC027,612273,4085308,9.8,17.9,4.8,0.28281838733986436
9.5,11.46,51.6,,,SZC027,612273,4085308,9.8,17.9,4.8,0.4502617801047121
9.6,6.032,58.64,,,SZC027,612273,4085308,9.8,17.9,4.8,0.9721485411140584
9.7,1.374,30.49,,,SZC027,612273,4085308,9.8,17.9,4.8,2.2190684133915575
9.8,0.938,13.4,,,SZC027,612273,4085308,9.8,17.9,4.8,1.4285714285714286
9.9,0.838,14.41,,,SZC027,612273,4085308,9.8,17.9,4.8,1.7195704057279235
10.0,1.173,26.47,,,SZC027,612273,4085308,9.8,17.9,4.8,2.256606990622336
10.1,1.575,56.97,,,SZC027,612273,4085308,9.8,17.9,4.8,3.617142857142857
10.2,1.474,64.67,,,SZC027,612273,4085308,9.8,17.9,4.8,4.387381275440977
10.3,2.346,76.1,,,SZC027,612273,4085308,9.8,17.9,4.8,3.2438192668371695
10.4,8.28,59.65,,,SZC027,612273,4085308,9.8,17.9,4.8,0.7204106280193237
10.5,11.8,65.01,,,SZC027,612273,4085308,9.8,17.9,4.8,0.5509322033898306
10.6,14.11,83.8,,,SZC027,612273,4085308,9.8,17.9,4.8,0.593905031892275
10.7,13.04,96.8,,,SZC027,612273,4085308,9.8,17.9,4.8,0.7423312883435583
10.8,10.66,86.1,,,SZC027,612273,4085308,9.8,17.9,4.8,0.8076923076923077
10.9,10.82,68.02,,,SZC027,612273,4085308,9.8,17.9,4.8,0.6286506469500924
11.0,12.16,81.8,,,SZC027,612273,4085308,9.8,17.9,4.8,0.6726973684210525
11.1,14.78,93.8,,,SZC027,612273,4085308,9.8,17.9,4.8,0.6346414073071719
11.2,15.98,73.1,,,SZC027,612273,4085308,9.8,17.9,4.8,0.4574468085106383
11.3,16.29,74.4,,,SZC027,612273,4085308,9.8,17.9,4.8,0.4567219152854512
11.4,14.61,75.4,,,SZC027,612273,4085308,9.8,17.9,4.8,0.5160848733744011
11.5,13.64,79.1,,,SZC027,612273,4085308,9.8,17.9,4.8,0.5799120234604105
11.6,13.14,82.1,,,SZC027,612273,4085308,9.8,17.9,4.8,0.6248097412480974
11.7,11.16,77.7,,,SZC027,612273,4085308,9.8,17.9,4.8,0.696236559139785
11.8,9.62,70.4,,,SZC027,612273,4085308,9.8,17.9,4.8,0.7318087318087318
11.9,9.22,49.59,,,SZC027,612273,4085308,9.8,17.9,4.8,0.5378524945770066
12.0,10.19,56.3,,,SZC027,612273,4085308,9.8,17.9,4.8,0.5525024533856722
12.1,12.3,67.02,,,SZC027,612273,4085308,9.8,17.9,4.8,0.5448780487804877
12.2,11.16,69.03,,,SZC027,612273,4085308,9.8,17.9,4.8,0.6185483870967742
12.3,10.29,65.68,,,SZC027,612273,4085308,9.8,17.9,4.8,0.6382896015549078
12.4,10.05,85.1,,,SZC027,612273,4085308,9.8,17.9,4.8,0.8467661691542289
12.5,11.13,30.83,,,SZC027,612273,4085308,9.8,17.9,4.8,0.2769991015274034
12.6,7.74,82.8,,,SZC027,612273,4085308,9.8,17.9,4.8,1.069767441860465
12.7,1.608,26.14,,,SZC027,612273,4085308,9.8,17.9,4.8,1.6256218905472637
12.8,1.173,4.691,,,SZC027,612273,4085308,9.8,17.9,4.8,0.3999147485080989
12.9,1.173,21.78,,,SZC027,612273,4085308,9.8,17.9,4.8,1.8567774936061383
13.0,1.307,27.48,,,SZC027,612273,4085308,9.8,17.9,4.8,2.1025248661055853
13.1,1.508,63.0,,,SZC027,612273,4085308,9.8,17.9,4.8,4.177718832891246
13.2,1.273,27.48,,,SZC027,612273,4085308,9.8,17.9,4.8,2.158680282796544
13.3,1.005,13.07,,,SZC027,612273,4085308,9.8,17.9,4.8,1.300497512437811
13.4,0.905,5.697,,,SZC027,612273,4085308,9.8,17.9,4.8,0.6295027624309393
13.5,1.139,10.05,,,SZC027,612273,4085308,9.8,17.9,4.8,0.8823529411764706
13.6,1.106,10.72,,,SZC027,612273,4085308,9.8,17.9,4.8,0.9692585895117541
13.7,1.106,56.97,,,SZC027,612273,4085308,9.8,17.9,4.8,5.150994575045208
13.8,5.596,47.58,,,SZC027,612273,4085308,9.8,17.9,4.8,0.8502501786990708
13.9,1.441,49.59,,,SZC027,612273,4085308,9.8,17.9,4.8,3.4413601665510067
14.0,1.106,40.88,,,SZC027,612273,4085308,9.8,17.9,4.8,3.6962025316455698
14.1,5.462,156.8,,,SZC027,612273,4085308,9.8,17.9,4.8,2.87074331746613
14.2,9.48,81.1,,,SZC027,612273,4085308,9.8,17.9,4.8,0.8554852320675105
14.3,5.596,69.7,,,SZC027,612273,4085308,9.8,17.9,4.8,1.2455325232308792
14.4,1.441,26.14,,,SZC027,612273,4085308,9.8,17.9,4.8,1.8140180430256767
14.5,0.838,10.05,,,SZC027,612273,4085308,9.8,17.9,4.8,1.1992840095465396
14.6,0.838,2.346,,,SZC027,612273,4085308,9.8,17.9,4.8,0.27995226730310263
14.8,0.838,12.06,,,SZC027,612273,4085308,9.8,17.9,4.8,1.4391408114558473
14.9,0.972,5.026,,,SZC027,612273,4085308,9.8,17.9,4.8,0.5170781893004115
15.0,0.938,11.06,,,SZC027,612273,4085308,9.8,17.9,4.8,1.1791044776119404
15.1,3.451,83.8,,,SZC027,612273,4085308,9.8,17.9,4.8,2.428281657490582
15.2,11.59,52.27,,,SZC027,612273,4085308,9.8,17.9,4.8,0.4509922346850733
15.3,11.19,42.89,,,SZC027,612273,4085308,9.8,17.9,4.8,0.3832886505808758
15.4,11.19,65.01,,,SZC027,612273,4085308,9.8,17.9,4.8,0.5809651474530831
15.5,5.596,105.9,,,SZC027,612273,4085308,9.8,17.9,4.8,1.8924231593995713
15.6,7.24,72.4,,,SZC027,612273,4085308,9.8,17.9,4.8,1.0
15.7,10.35,91.5,,,SZC027,612273,4085308,9.8,17.9,4.8,0.8840579710144927
15.8,19.33,47.58,,,SZC027,612273,4085308,9.8,17.9,4.8,0.2461458872219348
15.9,17.39,32.17,,,SZC027,612273,4085308,9.8,17.9,4.8,0.1849913743530765
16.0,15.72,68.36,,,SZC027,612273,4085308,9.8,17.9,4.8,0.43486005089058527
16.1,16.59,79.8,,,SZC027,612273,4085308,9.8,17.9,4.8,0.4810126582278481
16.2,16.18,64.34,,,SZC027,612273,4085308,9.8,17.9,4.8,0.3976514215080346
16.3,14.01,60.99,,,SZC027,612273,4085308,9.8,17.9,4.8,0.43533190578158465
16.4,14.07,88.5,,,SZC027,612273,4085308,9.8,17.9,4.8,0.6289978678038379
16.5,13.87,85.1,,,SZC027,612273,4085308,9.8,17.9,4.8,0.6135544340302812
16.6,14.17,65.01,,,SZC027,612273,4085308,9.8,17.9,4.8,0.4587861679604799
16.7,12.2,48.25,,,SZC027,612273,4085308,9.8,17.9,4.8,0.3954918032786885
16.8,10.25,107.9,,,SZC027,612273,4085308,9.8,17.9,4.8,1.0526829268292683
16.9,3.384,88.5,,,SZC027,612273,4085308,9.8,17.9,4.8,2.6152482269503547
17.0,7.17,126.7,,,SZC027,612273,4085308,9.8,17.9,4.8,1.7670850767085078
17.1,4.758,128.0,,,SZC027,612273,4085308,9.8,17.9,4.8,2.6902059688944933
17.2,12.4,54.28,,,SZC027,612273,4085308,9.8,17.9,4.8,0.437741935483871
17.3,14.17,98.2,,,SZC027,612273,4085308,9.8,17.9,4.8,0.6930134086097389
17.4,18.33,97.8,,,SZC027,612273,4085308,9.8,17.9,4.8,0.5335515548281505
17.5,22.55,97.8,,,SZC027,612273,4085308,9.8,17.9,4.8,0.4337028824833703
17.6,26.3,83.8,,,SZC027,612273,4085308,9.8,17.9,4.8,0.3186311787072243
17.7,25.7,88.8,,,SZC027,612273,4085308,9.8,17.9,4.8,0.34552529182879377
17.8,22.82,69.36,,,SZC027,612273,4085308,9.8,17.9,4.8,0.30394390885188427
